first_name,last_name,email_id,gender,birthdate,street_address,zipcode,city,state,phone_number,active
Artair,Alibone,aalibone0@twitpic.com,Male,2004-05-29,3 Algoma Drive,29905,Beaufort,South Carolina,398-674-8292,TRUE
Hermina,Hargate,hhargate1@domainmarket.com,Female,1971-01-04,73 Erie Trail,71208,Monroe,Louisiana,598-737-7459,TRUE
Valeda,Wise,vwise2@nature.com,Female,1983-11-13,791 Hoepker Terrace,76598,Gatesville,Texas,623-276-1104,FALSE
Kristopher,Sea,ksea3@macromedia.com,Male,1952-02-01,275 Porter Parkway,95838,Sacramento,California,985-935-9702,TRUE
Odella,Dady,odady4@purevolume.com,Female,1944-09-06,7 Ludington Park,46699,South Bend,Indiana,241-168-8259,TRUE
Seth,Lethibridge,slethibridge5@narod.ru,Male,1991-09-06,0635 Straubel Circle,35220,Birmingham,Alabama,237-547-1013,TRUE
Cam,Meace,cmeace6@fotki.com,Male,1967-09-11,70 Pennsylvania Junction,45505,Springfield,Ohio,123-110-9250,FALSE
Sadye,Duffan,sduffan7@stanford.edu,Female,1944-09-12,3 Norway Maple Terrace,27717,Durham,North Carolina,614-619-2896,TRUE
Ricki,Seton,rseton8@reverbnation.com,Male,2006-03-30,218 Southridge Crossing,40546,Lexington,Kentucky,227-100-2967,TRUE
Reider,Inold,rinold9@techcrunch.com,Male,2009-11-08,32148 Melody Point,61825,Champaign,Illinois,818-167-3374,TRUE
Drugi,Gallahar,dgallahara@prlog.org,Male,1953-06-07,683 Montana Court,44485,Warren,Ohio,335-702-9515,TRUE
Doe,Tooke,dtookeb@t-online.de,Female,2000-05-27,44875 Mcguire Crossing,36628,Mobile,Alabama,143-531-4623,FALSE
Marion,Izat,mizatc@mozilla.org,Male,2006-08-10,09808 Susan Crossing,19184,Philadelphia,Pennsylvania,306-378-4644,TRUE
Ashla,McCloid,amccloidd@ox.ac.uk,Female,1996-03-21,15567 Jay Place,23454,Virginia Beach,Virginia,846-756-5396,TRUE
Dniren,Franklen,dfranklene@nps.gov,Female,1958-06-26,6454 Amoth Alley,20205,Washington,District of Columbia,221-352-4993,TRUE
Penn,Arrigucci,parriguccif@themeforest.net,Male,1988-03-12,91 Kropf Park,99507,Anchorage,Alaska,965-184-6491,TRUE
Stephie,Stenners,sstennersg@rambler.ru,Female,2004-01-15,374 Lotheville Road,16107,New Castle,Pennsylvania,194-638-8390,FALSE
Merilyn,Gowans,mgowansh@senate.gov,Female,2006-01-30,5 Badeau Avenue,55811,Duluth,Minnesota,232-739-6412,FALSE
Otho,Kennelly,okennellyi@over-blog.com,Male,1963-11-21,17188 Heffernan Way,96845,Honolulu,Hawaii,593-792-6975,TRUE
Guthrey,Connal,gconnalj@usgs.gov,Male,1952-01-09,9 Burrows Road,68134,Omaha,Nebraska,576-444-8440,TRUE
Edy,Walshaw,ewalshawk@twitpic.com,Female,1979-08-04,1963 Bunker Hill Alley,38109,Memphis,Tennessee,897-101-5964,TRUE
Vladamir,Klosges,vklosgesl@patch.com,Male,1962-06-02,46 Kingsford Street,92844,Garden Grove,California,802-596-7910,TRUE
Rouvin,Leitch,rleitchm@over-blog.com,Male,1980-03-15,728 Thackeray Junction,39210,Jackson,Mississippi,689-608-1743,TRUE
Emmett,Delos,edelosn@creativecommons.org,Male,1997-12-17,054 Heffernan Crossing,78744,Austin,Texas,533-355-4316,TRUE
Mathilda,Benois,mbenoiso@reverbnation.com,Female,1977-10-24,57 Crownhardt Pass,33436,Boynton Beach,Florida,876-406-5867,TRUE
Bary,Atcherley,batcherleyp@meetup.com,Male,2005-06-20,8393 Debra Lane,11447,Jamaica,New York,797-683-8500,FALSE
Serge,Caskey,scaskeyq@nsw.gov.au,Male,1977-04-13,411 Hoard Road,33158,Miami,Florida,422-733-0037,TRUE
Patten,Anscombe,panscomber@comsenz.com,Male,1947-06-15,7680 Dakota Circle,99205,Spokane,Washington,320-924-6906,TRUE
Rudolf,Farron,rfarrons@naver.com,Male,1976-01-29,44895 Fulton Center,33805,Lakeland,Florida,209-935-3693,TRUE
Gwendolen,Mersh,gmersht@mozilla.org,Female,2000-10-04,95386 Mcguire Terrace,40515,Lexington,Kentucky,825-843-6648,TRUE
Raoul,Bothen,rbothenu@addtoany.com,Male,1990-12-16,5040 Caliangt Circle,35805,Huntsville,Alabama,757-336-8759,TRUE
Jacinda,Merwede,jmerwedev@sina.com.cn,Female,1972-06-01,0 Riverside Plaza,55423,Minneapolis,Minnesota,957-659-2812,TRUE
Peria,Phlipon,pphliponw@csmonitor.com,Female,2006-02-19,9 Maple Pass,60208,Evanston,Illinois,381-589-4551,TRUE
Dimitry,Davey,ddaveyx@skyrock.com,Male,1961-06-09,100 Magdeline Circle,34276,Sarasota,Florida,426-342-4940,TRUE
Waldemar,Naldrett,wnaldretty@constantcontact.com,Male,2008-09-19,5177 Farragut Crossing,61709,Bloomington,Illinois,437-443-4548,FALSE
Randy,Dalli,rdalliz@meetup.com,Male,1975-09-02,625 Scott Point,2216,Boston,Massachusetts,931-318-8690,TRUE
Diandra,Alliot,dalliot10@whitehouse.gov,Female,1946-12-09,4 Steensland Alley,95160,San Jose,California,424-338-1888,TRUE
Estele,Soars,esoars11@tinyurl.com,Female,1977-07-26,76394 Green Ridge Alley,30195,Duluth,Georgia,899-184-9861,TRUE
Davine,Pimer,dpimer12@webeden.co.uk,Female,2008-04-02,38821 Onsgard Trail,73157,Oklahoma City,Oklahoma,675-142-2320,TRUE
Arron,Dodwell,adodwell13@admin.ch,Male,1951-05-22,1539 Forest Dale Lane,83206,Pocatello,Idaho,399-798-9107,TRUE
Maribel,Dews,mdews14@alibaba.com,Female,1992-03-28,872 Del Sol Trail,19805,Wilmington,Delaware,797-327-4834,TRUE
Catherine,Skaid,cskaid15@geocities.jp,Female,1940-10-19,313 Kinsman Center,80045,Aurora,Colorado,527-692-9334,FALSE
Chevy,Johnes,cjohnes16@hexun.com,Male,1981-10-11,8 Rutledge Avenue,35487,Tuscaloosa,Alabama,844-626-7152,TRUE
Dewitt,Sabater,dsabater17@sciencedaily.com,Male,1947-07-12,7 Talmadge Pass,90045,Los Angeles,California,690-105-8381,TRUE
Shanie,Selwyn,sselwyn18@amazon.co.jp,Female,1957-03-04,5584 Union Terrace,85053,Phoenix,Arizona,126-285-8913,TRUE
Hort,McCarroll,hmccarroll19@unblog.fr,Male,2007-11-08,3 Pennsylvania Alley,28284,Charlotte,North Carolina,410-685-9374,TRUE
Micheline,Dodding,mdodding1a@amazon.de,Female,1974-04-07,8 Bunting Place,47712,Evansville,Indiana,266-359-0293,FALSE
Leone,Catlow,lcatlow1b@icio.us,Female,1944-05-05,87650 Northfield Terrace,95405,Santa Rosa,California,102-962-5125,TRUE
Del,Dilawey,ddilawey1c@google.ca,Female,1988-08-03,6191 Esker Pass,35231,Birmingham,Alabama,353-760-5645,TRUE
Kylen,O'Hanley,kohanley1d@admin.ch,Female,1991-10-12,612 Lillian Court,85720,Tucson,Arizona,725-415-6951,TRUE
Amandi,Stork,astork1e@reverbnation.com,Female,1998-09-26,3247 Columbus Center,92710,Irvine,California,216-732-0449,TRUE
Wye,Radolf,wradolf1f@hibu.com,Male,2001-10-13,5987 Bunker Hill Road,32309,Tallahassee,Florida,396-909-1708,TRUE
Dacia,Douce,ddouce1g@edublogs.org,Female,2008-06-29,9 Claremont Place,48295,Detroit,Michigan,990-255-2170,TRUE
Homer,Millimoe,hmillimoe1h@cnbc.com,Male,1956-12-21,1 Carey Road,31136,Atlanta,Georgia,939-704-5084,TRUE
Lazare,Keningham,lkeningham1i@xinhuanet.com,Male,2007-02-14,1027 Debs Place,64109,Kansas City,Missouri,148-346-8847,TRUE
Salome,Harradine,sharradine1j@vistaprint.com,Female,1958-08-04,93 Lake View Alley,40225,Louisville,Kentucky,947-601-2803,TRUE
Monroe,Wyche,mwyche1k@springer.com,Male,1977-03-16,5240 Artisan Point,94230,Sacramento,California,583-139-1032,TRUE
Huntlee,Handyside,hhandyside1l@chron.com,Male,2001-05-19,149 Thierer Center,70505,Lafayette,Louisiana,748-938-9285,TRUE
Maxie,Elverston,melverston1m@marketwatch.com,Male,2001-03-19,20 Prairie Rose Street,48258,Detroit,Michigan,788-947-6027,TRUE
Ebba,Cusack,ecusack1n@nifty.com,Female,1946-06-19,27 Mandrake Trail,44720,Canton,Ohio,826-275-4326,TRUE
Lonny,Kinnin,lkinnin1o@ft.com,Male,1967-08-06,8621 South Circle,6912,Stamford,Connecticut,467-340-2943,TRUE
Burton,MacCaffery,bmaccaffery1p@miitbeian.gov.cn,Male,1992-10-06,67089 4th Alley,70033,Metairie,Louisiana,402-195-0411,TRUE
Pavia,Still,pstill1q@homestead.com,Female,1985-10-13,87 Fallview Avenue,94522,Concord,California,750-602-5075,TRUE
Kylila,Rowcliffe,krowcliffe1r@dailymail.co.uk,Female,1988-05-30,43 East Center,2745,New Bedford,Massachusetts,850-366-8818,TRUE
Aguie,Mapples,amapples1s@businesswire.com,Male,1979-08-29,720 Hansons Point,72916,Fort Smith,Arkansas,836-978-6017,TRUE
Essa,Letson,eletson1t@ifeng.com,Female,1964-12-22,1692 Moulton Lane,15250,Pittsburgh,Pennsylvania,780-660-7356,TRUE
Zia,Skilling,zskilling1u@toplist.cz,Female,1995-07-25,05 Autumn Leaf Park,32590,Pensacola,Florida,618-131-0100,TRUE
Kelsey,Studart,kstudart1v@deviantart.com,Male,1988-03-06,911 Oneill Pass,43240,Columbus,Ohio,847-520-1926,TRUE
Ag,Lendrem,alendrem1w@aol.com,Female,1950-01-15,788 Stoughton Way,79165,Amarillo,Texas,800-140-3775,TRUE
Maury,Braidley,mbraidley1x@unesco.org,Male,1963-03-06,90189 Fulton Way,70165,New Orleans,Louisiana,928-557-7876,TRUE
Dannye,Houseley,dhouseley1y@goo.gl,Female,1959-08-21,91918 Ridgeway Plaza,19136,Philadelphia,Pennsylvania,796-387-5648,TRUE
Leigh,Metheringham,lmetheringham1z@apple.com,Male,1982-10-27,77 High Crossing Drive,43615,Toledo,Ohio,325-139-4088,TRUE
Cate,Allans,callans20@eepurl.com,Female,1987-01-31,069 Vidon Circle,11499,Jamaica,New York,930-883-1524,TRUE
Antone,Mongan,amongan21@si.edu,Male,1972-03-21,3376 Laurel Trail,77260,Houston,Texas,340-659-7071,TRUE
Morgun,Gilliat,mgilliat22@booking.com,Male,1977-12-03,5165 Oriole Way,47134,Jeffersonville,Indiana,140-766-7286,TRUE
Michel,Duke,mduke23@privacy.gov.au,Female,1969-05-21,4716 Golf Course Parkway,20067,Washington,District of Columbia,263-435-6327,TRUE
Carry,Nornasell,cnornasell24@jigsy.com,Female,1964-07-13,79 Kingsford Alley,95113,San Jose,California,982-776-6449,TRUE
Heidie,Matzke,hmatzke25@feedburner.com,Female,2000-03-09,8494 Melvin Court,77060,Houston,Texas,767-924-6502,TRUE
Gareth,Piesold,gpiesold26@angelfire.com,Male,1999-07-05,3106 Redwing Park,99599,Anchorage,Alaska,206-578-3516,TRUE
Pieter,Springtorpe,pspringtorpe27@hp.com,Male,1961-10-25,522 Warbler Circle,48901,Lansing,Michigan,293-776-2788,TRUE
Ardelle,Candey,acandey28@dropbox.com,Female,1992-08-01,4 Huxley Drive,80925,Colorado Springs,Colorado,601-731-1319,TRUE
Redford,Donovin,rdonovin29@g.co,Male,1995-03-30,80203 Annamark Trail,95054,Santa Clara,California,957-333-2796,TRUE
Jacinda,Farebrother,jfarebrother2a@vk.com,Female,1955-01-18,3195 Longview Parkway,55470,Minneapolis,Minnesota,213-258-9812,TRUE
Corney,Ollander,collander2b@macromedia.com,Male,1979-01-07,3139 Sycamore Way,99210,Spokane,Washington,383-846-9276,TRUE
Baron,Bagley,bbagley2c@ucla.edu,Male,2003-01-30,8810 Forest Dale Center,33305,Fort Lauderdale,Florida,218-336-5006,TRUE
Janina,Benjafield,jbenjafield2d@indiegogo.com,Female,1943-07-30,03332 Logan Avenue,94302,Palo Alto,California,895-124-5982,TRUE
Humbert,Jeannin,hjeannin2e@cloudflare.com,Male,2002-05-11,63732 Warbler Parkway,92867,Orange,California,584-730-4332,TRUE
Alayne,Morby,amorby2f@posterous.com,Female,1967-03-18,623 Laurel Road,45264,Cincinnati,Ohio,405-551-9628,TRUE
Ruthe,Tyrone,rtyrone2g@unc.edu,Female,1960-11-08,36 Bay Avenue,94230,Sacramento,California,316-509-6010,TRUE
Barbette,Azam,bazam2h@japanpost.jp,Female,1941-09-26,93 Lakeland Plaza,61105,Rockford,Illinois,187-944-3133,TRUE
Nowell,Walrond,nwalrond2i@smh.com.au,Male,2002-03-23,0 Packers Plaza,94042,Mountain View,California,599-973-4430,TRUE
Rouvin,Wybern,rwybern2j@apache.org,Male,1984-06-07,73 Dottie Drive,46247,Indianapolis,Indiana,859-101-3047,TRUE
Carey,Suttaby,csuttaby2k@house.gov,Male,2003-03-28,2 Arizona Way,21705,Frederick,Maryland,753-841-4764,TRUE
Josselyn,Bolte,jbolte2l@tripod.com,Female,1959-03-11,3 Forster Trail,59623,Helena,Montana,266-211-4593,TRUE
Mark,Drewett,mdrewett2m@mozilla.com,Male,1945-02-26,64406 Starling Way,32259,Jacksonville,Florida,807-100-9376,TRUE
Chaddy,Minall,cminall2n@ameblo.jp,Male,1958-01-29,367 Lotheville Alley,46896,Fort Wayne,Indiana,428-350-2427,TRUE
Victoir,Copcote,vcopcote2o@salon.com,Male,1949-12-11,125 1st Terrace,30311,Atlanta,Georgia,970-993-8026,TRUE
Collete,Dooly,cdooly2p@etsy.com,Female,2008-05-20,8359 Veith Crossing,36670,Mobile,Alabama,331-834-0866,TRUE
Sophi,Speek,sspeek2q@spiegel.de,Female,1986-09-24,1 Nancy Place,59112,Billings,Montana,536-239-6814,TRUE
Fielding,Yeld,fyeld2r@people.com.cn,Male,2005-07-17,5 Old Gate Plaza,79950,El Paso,Texas,774-657-9292,TRUE
